node_1,node_2,edge,chunk_id
Aging,Non-intrinsic trait,is proposed to be a,542202416427cc5cfee198faf1f60116e42fdee8347c4020a394973894650235_0
Destructive forces,Life forms,challenge,542202416427cc5cfee198faf1f60116e42fdee8347c4020a394973894650235_0
Organism's life program,Stochastic events,is impacted by,542202416427cc5cfee198faf1f60116e42fdee8347c4020a394973894650235_0
Immortality,High longevity,is supported by effective programs,542202416427cc5cfee198faf1f60116e42fdee8347c4020a394973894650235_0
Asexual reproduction,Biological immortality,leads to,542202416427cc5cfee198faf1f60116e42fdee8347c4020a394973894650235_0
Mortality,Sexual reproduction,is linked to specialization in,542202416427cc5cfee198faf1f60116e42fdee8347c4020a394973894650235_0
Regeneration abilities,High longevity,enables,542202416427cc5cfee198faf1f60116e42fdee8347c4020a394973894650235_0
Senescence,Growth and regeneration programs,arises when programs are switched off,542202416427cc5cfee198faf1f60116e42fdee8347c4020a394973894650235_0
Negentropy,Life structures,allows for the creation of,542202416427cc5cfee198faf1f60116e42fdee8347c4020a394973894650235_0
Senescence,Damage accumulation,is,542202416427cc5cfee198faf1f60116e42fdee8347c4020a394973894650235_0
Regenerative mechanisms,Environmental changes,are modified by,542202416427cc5cfee198faf1f60116e42fdee8347c4020a394973894650235_0
Senescence,Functional decline,characterized by,542202416427cc5cfee198faf1f60116e42fdee8347c4020a394973894650235_1
Senescence,Increased mortality,characterized by,542202416427cc5cfee198faf1f60116e42fdee8347c4020a394973894650235_1
Senescence,Structural alterations,characterized by,542202416427cc5cfee198faf1f60116e42fdee8347c4020a394973894650235_1
Senescence,Cellular damage,arises from accumulation of,542202416427cc5cfee198faf1f60116e42fdee8347c4020a394973894650235_1
Senescence,Extracellular damage,arises from accumulation of,542202416427cc5cfee198faf1f60116e42fdee8347c4020a394973894650235_1
Repair mechanisms,Energy availability,depends on,542202416427cc5cfee198faf1f60116e42fdee8347c4020a394973894650235_1
Repair mechanisms,Genetic factors,depends on,542202416427cc5cfee198faf1f60116e42fdee8347c4020a394973894650235_1
Aging,Life history strategies,is a consequence of,542202416427cc5cfee198faf1f60116e42fdee8347c4020a394973894650235_1
Senescence,Sexual maturity,starts after,542202416427cc5cfee198faf1f60116e42fdee8347c4020a394973894650235_1
Senescence,Final body size,starts after,542202416427cc5cfee198faf1f60116e42fdee8347c4020a394973894650235_1
Senescence,Progressive structural change,requires,542202416427cc5cfee198faf1f60116e42fdee8347c4020a394973894650235_1
Aging,Senescence,is associated with,542202416427cc5cfee198faf1f60116e42fdee8347c4020a394973894650235_2
Full adult size,Aging,precedes,542202416427cc5cfee198faf1f60116e42fdee8347c4020a394973894650235_2
Sexual maturity,Aging,precedes,542202416427cc5cfee198faf1f60116e42fdee8347c4020a394973894650235_2
Evolved life strategies,Aging,results in as a non-adaptive byproduct,542202416427cc5cfee198faf1f60116e42fdee8347c4020a394973894650235_2
Natural selection,Evolved life strategies,shapes,542202416427cc5cfee198faf1f60116e42fdee8347c4020a394973894650235_2
Stochastic damage,Senescence,is distinguished from,542202416427cc5cfee198faf1f60116e42fdee8347c4020a394973894650235_2
Insects,Wing fraying,exhibit as a sign of aging,542202416427cc5cfee198faf1f60116e42fdee8347c4020a394973894650235_2
Birds,Worn feathers,do not display as an aging symptom,542202416427cc5cfee198faf1f60116e42fdee8347c4020a394973894650235_2
Humans,Oral issues,experience due to lack of tooth replacement,542202416427cc5cfee198faf1f60116e42fdee8347c4020a394973894650235_2
Study of aging,Socio-economic burden,aims to reduce,542202416427cc5cfee198faf1f60116e42fdee8347c4020a394973894650235_2
Aging populations,Senescence,experience detrimental effects of,542202416427cc5cfee198faf1f60116e42fdee8347c4020a394973894650235_2
Organisms,Aging Strategies,exhibit varying,542202416427cc5cfee198faf1f60116e42fdee8347c4020a394973894650235_3
Wear and Tear,Body Structures,affects,542202416427cc5cfee198faf1f60116e42fdee8347c4020a394973894650235_3
Organisms,Regenerative Capacity,may lack,542202416427cc5cfee198faf1f60116e42fdee8347c4020a394973894650235_3
Cellular Mechanisms,Organismal Aging,contribute to,542202416427cc5cfee198faf1f60116e42fdee8347c4020a394973894650235_3
Cellular Senescence,Organismal Aging,is not a primary driver of,542202416427cc5cfee198faf1f60116e42fdee8347c4020a394973894650235_3
Cellular Senescence,Tissue Remodeling,is involved in,542202416427cc5cfee198faf1f60116e42fdee8347c4020a394973894650235_3
Senescent Cells,Age-Related Pathologies,contribute to,542202416427cc5cfee198faf1f60116e42fdee8347c4020a394973894650235_3
Unicellular Organisms,Aging Models,are used as,542202416427cc5cfee198faf1f60116e42fdee8347c4020a394973894650235_3
Multicellular Organisms,Specialized Systems,have,542202416427cc5cfee198faf1f60116e42fdee8347c4020a394973894650235_3
Organismal Aging,Cellular Aging,is not driven by,542202416427cc5cfee198faf1f60116e42fdee8347c4020a394973894650235_3
Organismal Aging,Other Processes,is a byproduct of,542202416427cc5cfee198faf1f60116e42fdee8347c4020a394973894650235_3
Cellular senescence,Multicellular organism,occurs in,542202416427cc5cfee198faf1f60116e42fdee8347c4020a394973894650235_4
Cellular senescence,Post-mitotic accumulation,is marked by,542202416427cc5cfee198faf1f60116e42fdee8347c4020a394973894650235_4
Cellular senescence,Inflammation,is marked by,542202416427cc5cfee198faf1f60116e42fdee8347c4020a394973894650235_4
Unicellular yeast,Cell death,benefits neighbors through,542202416427cc5cfee198faf1f60116e42fdee8347c4020a394973894650235_4
Yeast aging models,Multicellular aging,are inconsistent when applied to,542202416427cc5cfee198faf1f60116e42fdee8347c4020a394973894650235_4
Telomerase deficiency,Somatic cells,occurs in,542202416427cc5cfee198faf1f60116e42fdee8347c4020a394973894650235_4
Telomerase deficiency,Aging,is linked to,542202416427cc5cfee198faf1f60116e42fdee8347c4020a394973894650235_4
Number of daughter cells,Yeast replicative lifespan,is a measure of,542202416427cc5cfee198faf1f60116e42fdee8347c4020a394973894650235_4
Human aging,Organism-level processes,is about,542202416427cc5cfee198faf1f60116e42fdee8347c4020a394973894650235_4
Specialized signaling cells,Human aging,influences,542202416427cc5cfee198faf1f60116e42fdee8347c4020a394973894650235_4
Sugar sensing,Unicellular organism,differs from,542202416427cc5cfee198faf1f60116e42fdee8347c4020a394973894650235_4
Sugar sensing,Multicellular organism,differs from,542202416427cc5cfee198faf1f60116e42fdee8347c4020a394973894650235_4
Multicellular organism,Glucose homeostasis,maintain,542202416427cc5cfee198faf1f60116e42fdee8347c4020a394973894650235_4
multicellular organisms,glucose homeostasis,regulate,542202416427cc5cfee198faf1f60116e42fdee8347c4020a394973894650235_5
liver,signaling molecules,responds to,542202416427cc5cfee198faf1f60116e42fdee8347c4020a394973894650235_5
sugar-binding proteins,species,are evolutionarily conserved across,542202416427cc5cfee198faf1f60116e42fdee8347c4020a394973894650235_5
aging,universal aging mechanisms,is debated as a,542202416427cc5cfee198faf1f60116e42fdee8347c4020a394973894650235_5
model organisms,humans,used to extrapolate aging findings to,542202416427cc5cfee198faf1f60116e42fdee8347c4020a394973894650235_5
animal groups,lifespan,exhibit diverse,542202416427cc5cfee198faf1f60116e42fdee8347c4020a394973894650235_5
smaller-bodied species,shorter lifespan,exhibit,542202416427cc5cfee198faf1f60116e42fdee8347c4020a394973894650235_5
terrestrial organisms,aquatic organisms,aging is more prevalent in than,542202416427cc5cfee198faf1f60116e42fdee8347c4020a394973894650235_5
aging,terminal differentiation,is linked to,542202416427cc5cfee198faf1f60116e42fdee8347c4020a394973894650235_5
sexual reproduction,mortality,specialization during leads to,542202416427cc5cfee198faf1f60116e42fdee8347c4020a394973894650235_5
asexually reproducing organisms,senescence,often avoid,542202416427cc5cfee198faf1f60116e42fdee8347c4020a394973894650235_5
Obligate sexual reproduction,Mortality,Leads to,542202416427cc5cfee198faf1f60116e42fdee8347c4020a394973894650235_6
Obligate sexual reproduction,Senescence,Leads to,542202416427cc5cfee198faf1f60116e42fdee8347c4020a394973894650235_6
Parthenogenesis,Sexual reproduction,Utilizes mechanisms of,542202416427cc5cfee198faf1f60116e42fdee8347c4020a394973894650235_6
Asexual reproduction,Biological immortality,Can result in,542202416427cc5cfee198faf1f60116e42fdee8347c4020a394973894650235_6
Senescence,Physiological decline,Is characterized by,542202416427cc5cfee198faf1f60116e42fdee8347c4020a394973894650235_6
Asexual reproduction,Sessile organisms,Is common in,542202416427cc5cfee198faf1f60116e42fdee8347c4020a394973894650235_6
Motile organisms,Dispersal,Use sexual reproduction for,542202416427cc5cfee198faf1f60116e42fdee8347c4020a394973894650235_6
Senescence,Cell replacement,Emerges when downregulated,542202416427cc5cfee198faf1f60116e42fdee8347c4020a394973894650235_6
Senescence,Regeneration,Emerges when lost,542202416427cc5cfee198faf1f60116e42fdee8347c4020a394973894650235_6
Cell replacement,Continuous growth,Facilitates in,542202416427cc5cfee198faf1f60116e42fdee8347c4020a394973894650235_6
Senescence,Animal Kingdom,varies across,542202416427cc5cfee198faf1f60116e42fdee8347c4020a394973894650235_7
Continuously growing species,Negligible Senescence,exhibit,542202416427cc5cfee198faf1f60116e42fdee8347c4020a394973894650235_7
Cellular Damage,Mortality,is not the primary driver of,542202416427cc5cfee198faf1f60116e42fdee8347c4020a394973894650235_7
Cellular Repair Mechanisms,Eukaryotic Cells,are conserved across,542202416427cc5cfee198faf1f60116e42fdee8347c4020a394973894650235_7
Senescent Cells,Tissues,negatively impact,542202416427cc5cfee198faf1f60116e42fdee8347c4020a394973894650235_7
Senescent Cells,Pro-inflammatory Molecules,secrete,542202416427cc5cfee198faf1f60116e42fdee8347c4020a394973894650235_7
Senescent Cell Clearance,Lifespan,can extend,542202416427cc5cfee198faf1f60116e42fdee8347c4020a394973894650235_7
Cellular Senescence,Organismal Aging,link to overall aging is speculative,542202416427cc5cfee198faf1f60116e42fdee8347c4020a394973894650235_7
Organisms,Death,face destructive forces leading to,542202416427cc5cfee198faf1f60116e42fdee8347c4020a394973894650235_7
Senescence,Genetically Programmed Life History,depends on,542202416427cc5cfee198faf1f60116e42fdee8347c4020a394973894650235_7
Stochastic Processes,Senescence,drive in some animal groups,542202416427cc5cfee198faf1f60116e42fdee8347c4020a394973894650235_7
Aging,Animal kingdom,varies across,542202416427cc5cfee198faf1f60116e42fdee8347c4020a394973894650235_8
Stochastic damage,Senescence,drives in some species,542202416427cc5cfee198faf1f60116e42fdee8347c4020a394973894650235_8
Regenerative capacity,Stochastic damage,limits repair of,542202416427cc5cfee198faf1f60116e42fdee8347c4020a394973894650235_8
Quasi-programmed aging,Mammals,exhibited by,542202416427cc5cfee198faf1f60116e42fdee8347c4020a394973894650235_8
Developmental processes,Hyperfunction,leads to,542202416427cc5cfee198faf1f60116e42fdee8347c4020a394973894650235_8
Epigenetic modifications,Gene silencing,cause,542202416427cc5cfee198faf1f60116e42fdee8347c4020a394973894650235_8
DNA methylation,Epigenetic modifications,is a type of,542202416427cc5cfee198faf1f60116e42fdee8347c4020a394973894650235_8
Continuous growth,Senescence,delays symptoms of,542202416427cc5cfee198faf1f60116e42fdee8347c4020a394973894650235_8
Environmental factors,Lifespan,influences,542202416427cc5cfee198faf1f60116e42fdee8347c4020a394973894650235_8
Environmental factors,Immune response,induce,542202416427cc5cfee198faf1f60116e42fdee8347c4020a394973894650235_8
Insects,Mortality,damaged wings trigger,542202416427cc5cfee198faf1f60116e42fdee8347c4020a394973894650235_8
lifespan variation,environmental factors,is influenced by,542202416427cc5cfee198faf1f60116e42fdee8347c4020a394973894650235_9
long-lived species,baseline longevity potential,suggests,542202416427cc5cfee198faf1f60116e42fdee8347c4020a394973894650235_9
extrinsic mortality,lifespan,determines,542202416427cc5cfee198faf1f60116e42fdee8347c4020a394973894650235_9
predation,reduced lifespan,correlates with,542202416427cc5cfee198faf1f60116e42fdee8347c4020a394973894650235_9
rapid reproduction,nutrient-rich environment,is favored in,542202416427cc5cfee198faf1f60116e42fdee8347c4020a394973894650235_9
low predation,increased lifespan,promotes,542202416427cc5cfee198faf1f60116e42fdee8347c4020a394973894650235_9
environmental constraints,body size,affects,542202416427cc5cfee198faf1f60116e42fdee8347c4020a394973894650235_9
high extrinsic mortality,early sexual maturity,accelerates,542202416427cc5cfee198faf1f60116e42fdee8347c4020a394973894650235_9
seasonal food availability,asexual reproduction,can induce,542202416427cc5cfee198faf1f60116e42fdee8347c4020a394973894650235_9
continuous growth,longevity,contributes to,542202416427cc5cfee198faf1f60116e42fdee8347c4020a394973894650235_9
Life history traits,Survival,influences,542202416427cc5cfee198faf1f60116e42fdee8347c4020a394973894650235_10
Aquatic mammals,Body size,can reach large,542202416427cc5cfee198faf1f60116e42fdee8347c4020a394973894650235_10
Biomechanical constraints,Body size,constrains,542202416427cc5cfee198faf1f60116e42fdee8347c4020a394973894650235_10
Rodents,Incisors,possess continuously growing,542202416427cc5cfee198faf1f60116e42fdee8347c4020a394973894650235_10
Rodents,Regeneration,exhibit,542202416427cc5cfee198faf1f60116e42fdee8347c4020a394973894650235_10
Lifespan,Reproductive capacity,is sustained until end of life in long-lived mammals,542202416427cc5cfee198faf1f60116e42fdee8347c4020a394973894650235_10
Humans,Aging,exhibit age-related decline,542202416427cc5cfee198faf1f60116e42fdee8347c4020a394973894650235_10
Age-related diseases,Population size,influences,542202416427cc5cfee198faf1f60116e42fdee8347c4020a394973894650235_10
Food scarcity,Litter size,influences,542202416427cc5cfee198faf1f60116e42fdee8347c4020a394973894650235_10
Senescence,Age-related diseases,diverge,542202416427cc5cfee198faf1f60116e42fdee8347c4020a394973894650235_10
Immune system decline,Disease vulnerability,increases,542202416427cc5cfee198faf1f60116e42fdee8347c4020a394973894650235_10
Continuous growth,Mechanical factors,is limited by,542202416427cc5cfee198faf1f60116e42fdee8347c4020a394973894650235_10
Senescence,Mortality,can be decoupled from,542202416427cc5cfee198faf1f60116e42fdee8347c4020a394973894650235_10
Cellular damage,Senescence,causes,542202416427cc5cfee198faf1f60116e42fdee8347c4020a394973894650235_10
Aging,Mortality,is not universally linked to,542202416427cc5cfee198faf1f60116e42fdee8347c4020a394973894650235_11
Biological Immortality,Asexual Reproduction,enabled by,542202416427cc5cfee198faf1f60116e42fdee8347c4020a394973894650235_11
Biological Immortality,Tissue Regeneration,enabled by,542202416427cc5cfee198faf1f60116e42fdee8347c4020a394973894650235_11
High Cell Turnover,Accumulated Damage,prevents,542202416427cc5cfee198faf1f60116e42fdee8347c4020a394973894650235_11
Negligible Senescence,Continuous Growth,associated with,542202416427cc5cfee198faf1f60116e42fdee8347c4020a394973894650235_11
Cell Replacement,Age-Related Decline,mitigates,542202416427cc5cfee198faf1f60116e42fdee8347c4020a394973894650235_11
Senescence,Limited Regeneration,caused by,542202416427cc5cfee198faf1f60116e42fdee8347c4020a394973894650235_11
Senescence,Environmental Stress,can evolve due to,542202416427cc5cfee198faf1f60116e42fdee8347c4020a394973894650235_11
Sexual Reproduction,Mortality,correlates with,542202416427cc5cfee198faf1f60116e42fdee8347c4020a394973894650235_11
Species Dispersal,Asexual Reproduction,is better than,542202416427cc5cfee198faf1f60116e42fdee8347c4020a394973894650235_11
Interventions,Detrimental Effects of Senescence,should alleviate,542202416427cc5cfee198faf1f60116e42fdee8347c4020a394973894650235_11
